Timestamps,0,1,2,3,4,5,6,7,8,9,10,11,12,13,14,15,16,17
0,0.0,0.0,7.26,7.37,6.27,16.94,20.79,39.6,358.05,262.9,244.2,108.24,41.03,45.54,48.07,4.51,98.23,1112.54
1,0.0,4.4,7.26,4.95,4.18,9.68,11.33,24.09,355.74,265.76,244.2,110.66,43.45,51.04,54.34,6.71,65.89,1131.9
2,0.0,0.0,5.5,4.95,0.0,4.84,3.74,6.82,351.12,262.9,241.12,115.72,45.87,54.67,58.63,9.02,25.85,1139.05
3,0.0,4.4,5.5,0.0,0.0,0.0,0.0,0.0,346.5,260.15,235.18,115.72,48.29,56.54,62.81,11.22,9.9,1136.41
4,0.0,4.4,5.5,0.0,0.0,0.0,0.0,0.0,341.88,254.43,232.21,115.72,50.71,58.74,64.9,11.22,9.9,1129.81
5,0.0,0.0,7.26,0.0,0.0,0.0,0.0,0.0,332.86,248.82,223.19,115.72,53.13,61.05,66.99,13.53,7.26,1115.29
6,0.0,0.0,5.5,0.0,0.0,0.0,0.0,0.0,324.06,243.1,217.03,118.36,53.13,63.36,66.99,15.73,5.5,1101.76
7,0.0,0.0,7.26,0.0,0.0,0.0,0.0,0.0,306.46,231.77,204.93,121.0,55.55,65.67,71.17,15.73,7.26,1072.28
8,0.0,0.0,7.26,0.0,0.0,0.0,0.0,0.0,286.66,223.3,192.72,126.28,57.97,70.29,73.26,15.73,7.26,1046.21
9,0.0,0.0,7.26,0.0,0.0,0.0,0.0,0.0,269.83,211.86,180.51,131.56,57.97,74.91,75.35,18.04,7.26,1020.03
10,0.0,0.0,5.5,0.0,0.0,0.0,0.0,0.0,251.9,200.42,168.3,136.84,60.39,81.73,77.44,20.35,5.5,997.37
11,0.0,0.0,7.26,0.0,0.0,0.0,0.0,0.0,235.95,188.98,159.28,142.23,60.39,86.35,79.53,20.35,7.26,973.06
12,0.0,0.0,5.5,0.0,0.0,0.0,0.0,0.0,221.98,177.54,150.15,147.51,62.81,90.97,83.71,22.55,5.5,957.22
13,0.0,0.0,7.26,0.0,0.0,0.0,0.0,0.0,209.99,168.96,144.1,150.15,65.34,95.48,87.89,24.86,7.26,946.77
14,0.0,0.0,5.5,0.0,0.0,0.0,0.0,0.0,199.98,163.46,138.05,152.79,65.34,97.79,92.07,24.86,5.5,934.34
15,0.0,0.0,5.5,0.0,0.0,0.0,0.0,0.0,191.95,155.87,135.08,158.07,67.76,102.41,94.16,27.06,5.5,932.36
16,0.0,0.0,5.5,0.0,0.0,0.0,0.0,0.0,182.05,150.7,129.03,160.71,70.18,104.72,98.34,27.06,5.5,922.79
17,0.0,0.0,5.5,0.0,0.0,0.0,0.0,0.0,176.0,148.17,126.06,166.1,72.71,107.03,102.52,29.37,5.5,927.96
18,0.0,0.0,5.5,0.0,0.0,0.0,0.0,0.0,170.06,143.0,122.98,168.74,75.13,111.65,106.7,31.57,5.5,929.83
19,0.0,0.0,5.5,0.0,0.0,0.0,0.0,0.0,164.23,137.94,122.98,174.13,77.55,113.96,113.08,31.57,5.5,935.44
20,0.0,0.0,5.5,0.0,0.0,0.0,0.0,0.0,158.73,135.41,120.01,179.52,80.08,118.58,119.35,33.88,5.5,945.56
21,0.0,0.0,5.5,0.0,0.0,0.0,0.0,0.0,153.12,132.77,116.93,184.91,82.5,123.2,123.53,36.08,5.5,953.04
22,0.0,0.0,5.5,0.0,0.0,0.0,0.0,0.0,147.62,127.71,113.96,190.3,84.92,127.93,129.8,36.08,5.5,958.32
23,0.0,0.0,5.5,0.0,0.0,0.0,0.0,0.0,142.12,122.54,110.99,195.69,87.45,130.24,136.07,38.39,5.5,963.49
24,0.0,0.0,5.5,0.0,0.0,0.0,0.0,0.0,134.75,117.48,104.94,201.08,89.87,134.86,142.34,40.7,5.5,966.02
25,0.0,0.0,5.5,0.0,0.0,0.0,0.0,0.0,125.51,110.0,99.0,206.47,94.82,139.59,148.61,42.9,5.5,966.9
26,0.0,0.0,5.5,0.0,0.0,0.0,0.0,0.0,114.51,102.85,92.95,211.86,97.24,144.21,156.97,45.21,5.5,965.8
27,0.0,0.0,5.5,0.0,0.0,0.0,0.0,0.0,104.72,93.39,84.04,217.25,102.19,148.83,163.24,47.41,5.5,961.07
28,0.0,0.0,5.5,0.0,0.0,0.0,0.0,0.0,94.93,83.93,78.1,219.89,104.61,153.56,172.37,49.72,5.5,957.11
29,0.0,0.0,5.5,0.0,0.0,0.0,0.0,0.0,83.49,74.47,66.11,219.89,107.03,155.87,181.83,54.23,5.5,942.92
30,0.0,0.0,5.5,0.0,0.0,0.0,0.0,0.0,72.05,62.7,54.56,222.64,111.98,160.49,193.6,56.54,5.5,934.56
31,0.0,0.0,5.5,0.0,0.0,0.0,0.0,0.0,55.77,51.7,46.75,225.17,117.15,165.11,205.37,58.85,5.5,925.87
32,0.0,0.0,5.5,0.0,0.0,0.0,0.0,0.0,43.34,41.36,33.77,225.17,119.9,169.95,217.25,63.69,5.5,914.43
33,0.0,0.0,5.5,0.0,0.0,0.0,0.0,0.0,33.99,31.02,25.96,222.64,122.65,177.21,230.89,66.0,5.5,910.36
34,0.0,0.0,5.5,0.0,0.0,0.0,0.0,0.0,29.37,22.77,18.15,219.89,125.29,182.05,242.0,68.42,5.5,907.94
35,0.0,0.0,5.5,0.0,0.0,0.0,0.0,0.0,26.29,18.59,15.51,214.5,128.04,186.89,255.42,73.15,5.5,918.39
36,0.0,0.0,5.5,0.0,0.0,0.0,0.0,0.0,24.75,14.41,12.98,203.72,128.04,189.31,264.44,80.41,5.5,918.06
37,0.0,0.0,5.5,0.0,0.0,0.0,0.0,0.0,23.21,12.32,10.34,192.94,125.29,191.73,271.15,85.14,5.5,912.12
38,0.0,0.0,5.5,0.0,0.0,0.0,0.0,0.0,23.21,12.32,10.34,176.77,119.9,194.15,275.55,92.29,5.5,904.53
39,0.0,0.0,5.5,0.0,0.0,0.0,0.0,0.0,23.21,10.34,10.34,152.79,114.51,196.68,277.86,97.13,5.5,882.86
40,0.0,0.0,5.5,0.0,0.0,0.0,0.0,0.0,21.67,10.34,7.7,126.28,109.56,196.68,282.37,104.28,5.5,858.88
41,0.0,0.0,7.26,0.0,0.0,0.0,0.0,0.0,20.13,10.34,7.7,103.4,107.03,199.1,286.99,109.01,7.26,843.7
42,0.0,0.0,5.5,0.0,0.0,0.0,0.0,0.0,20.13,10.34,7.7,81.62,102.19,201.52,291.5,116.16,5.5,831.16
43,0.0,0.0,5.5,0.0,0.0,0.0,0.0,0.0,18.59,8.25,7.7,62.26,99.66,201.52,291.5,120.89,5.5,810.37
44,3.85,0.0,7.26,0.0,0.0,0.0,0.0,0.0,18.59,8.25,5.17,44.0,92.29,199.1,293.81,127.93,11.11,789.14
45,7.7,0.0,7.26,0.0,0.0,0.0,0.0,0.0,18.59,8.25,5.17,30.8,84.92,194.15,296.12,132.66,14.96,770.66
46,33.11,0.0,14.63,0.0,0.0,0.0,0.0,0.0,16.94,8.25,5.17,17.6,77.55,184.47,293.81,135.08,47.74,738.87
47,188.21,4.4,27.5,0.0,0.0,0.0,0.0,0.0,15.4,6.16,5.17,11.0,72.71,169.95,286.99,139.81,220.11,707.19
48,300.3,4.4,59.51,0.0,0.0,0.0,0.0,0.0,15.4,6.16,0.0,6.6,65.34,148.83,275.55,144.54,364.21,662.42
49,342.76,11.11,106.37,0.0,0.0,0.0,0.0,0.0,13.86,6.16,0.0,6.6,60.39,118.58,255.42,146.85,460.24,607.86
50,345.4,22.22,134.75,0.0,0.0,0.0,0.0,0.0,12.32,4.07,0.0,6.6,57.97,97.79,221.98,146.85,502.37,547.58
51,348.04,37.84,156.53,0.0,0.0,0.0,0.0,0.0,10.78,4.07,0.0,6.6,55.55,77.11,169.95,142.12,542.41,466.18
52,348.04,55.77,188.32,0.0,0.0,0.0,0.0,0.0,9.24,0.0,0.0,6.6,48.29,56.54,110.99,132.66,592.13,364.32
53,361.35,83.27,229.9,27.17,0.0,0.0,0.0,0.0,9.24,0.0,0.0,6.6,43.45,43.67,77.44,113.85,701.69,294.25
54,382.47,108.46,277.09,49.5,0.0,0.0,0.0,0.0,7.7,0.0,0.0,4.4,38.61,34.65,62.81,94.71,817.52,242.88
55,390.61,122.98,316.36,66.66,6.27,0.0,0.0,0.0,6.16,0.0,0.0,0.0,28.93,23.65,50.16,75.57,902.88,184.47
56,398.86,135.41,349.91,91.08,10.56,19.36,0.0,0.0,4.62,0.0,0.0,0.0,21.67,14.52,39.71,63.69,1005.18,144.21
57,401.5,142.89,368.61,103.29,14.74,36.3,13.2,0.0,3.08,0.0,0.0,0.0,14.41,10.89,31.35,51.92,1080.53,111.65
58,401.5,147.84,377.96,115.72,16.94,48.4,22.66,0.0,3.08,0.0,0.0,0.0,9.57,9.02,22.99,31.57,1131.02,76.23
59,398.86,150.37,385.0,126.5,21.12,55.77,28.27,0.0,0.0,0.0,0.0,4.4,7.15,5.39,12.54,6.71,1165.89,36.19
60,393.36,152.79,385.0,131.89,21.12,60.83,32.12,0.0,0.0,0.0,0.0,0.0,4.73,3.63,8.36,0.0,1177.11,16.72
61,387.86,150.37,382.69,134.53,23.21,63.36,33.99,0.0,3.08,0.0,0.0,4.4,4.73,3.63,6.27,0.0,1176.01,22.11
62,379.83,147.84,373.34,137.28,23.21,65.89,37.73,0.0,3.08,0.0,0.0,0.0,0.0,0.0,6.27,0.0,1165.12,9.35
63,369.27,145.42,363.99,139.92,25.41,68.42,37.73,0.0,3.08,0.0,0.0,0.0,0.0,0.0,4.18,0.0,1150.16,7.26
64,355.96,142.89,349.91,145.31,25.41,70.95,39.71,3.41,3.08,0.0,0.0,0.0,0.0,0.0,4.18,0.0,1133.55,7.26
65,340.12,140.36,333.63,150.7,25.41,73.48,43.45,3.41,3.08,0.0,0.0,0.0,0.0,0.0,0.0,0.0,1110.56,3.08
66,318.89,135.41,316.36,161.48,27.5,78.54,45.32,5.06,3.08,0.0,0.0,0.0,0.0,0.0,0.0,0.0,1088.56,3.08
67,297.66,132.88,296.67,169.62,31.68,83.71,51.04,6.82,3.08,0.0,0.0,0.0,0.0,0.0,0.0,0.0,1070.08,3.08
68,273.57,125.51,277.09,180.07,31.68,91.3,54.78,6.82,3.08,0.0,0.0,0.0,0.0,0.0,0.0,0.0,1040.82,3.08
69,250.91,120.45,260.59,187.99,33.88,96.36,56.65,8.58,3.08,0.0,0.0,0.0,0.0,0.0,0.0,0.0,1015.41,3.08
70,228.25,113.08,244.09,195.91,35.97,103.95,60.83,10.23,3.08,0.0,0.0,0.0,0.0,0.0,0.0,0.0,992.31,3.08
71,209.44,108.46,227.59,203.72,35.97,109.01,65.34,13.75,3.08,0.0,0.0,0.0,0.0,0.0,0.0,0.0,973.28,3.08
72,190.85,103.84,215.6,214.28,38.06,114.4,69.74,17.16,3.08,0.0,0.0,0.0,0.0,0.0,0.0,0.0,963.93,3.08
73,174.9,99.22,200.75,224.84,38.06,122.65,74.25,22.33,3.08,0.0,0.0,0.0,0.0,0.0,0.0,0.0,957.0,3.08
74,159.5,94.71,188.32,232.43,40.15,130.9,76.56,29.26,3.08,0.0,0.0,0.0,0.0,0.0,0.0,0.0,951.83,3.08
75,147.07,90.09,176.0,242.55,42.35,136.4,83.27,36.08,3.08,0.0,0.0,0.0,0.0,0.0,0.0,0.0,953.81,3.08
76,136.95,85.47,166.21,252.67,44.44,144.76,87.78,43.01,3.08,0.0,0.0,0.0,0.0,0.0,0.0,0.0,961.29,3.08
77,126.94,80.96,156.53,262.9,44.44,153.01,92.18,49.94,3.08,0.0,0.0,0.0,0.0,0.0,0.0,0.0,966.9,3.08
78,114.51,76.34,149.27,270.49,46.53,161.26,99.0,57.2,3.08,0.0,0.0,0.0,0.0,0.0,0.0,0.0,974.6,3.08
79,106.15,74.03,139.59,280.72,48.62,169.62,105.71,63.58,3.08,0.0,0.0,0.0,0.0,0.0,0.0,0.0,988.02,3.08
80,97.9,69.52,129.91,288.42,50.82,178.64,110.22,72.05,3.08,0.0,0.0,0.0,0.0,0.0,0.0,0.0,997.48,3.08
81,87.56,62.59,120.23,296.23,52.91,187.77,117.81,80.52,3.08,0.0,0.0,0.0,0.0,0.0,0.0,0.0,1005.62,3.08
82,79.31,57.97,108.57,309.1,55.0,199.87,122.98,88.99,3.08,0.0,0.0,0.0,0.0,0.0,0.0,0.0,1021.79,3.08
83,68.86,51.26,97.46,316.91,55.0,209.0,130.57,97.46,3.08,0.0,0.0,0.0,0.0,0.0,0.0,0.0,1026.52,3.08
84,56.54,44.55,84.04,327.25,57.2,218.13,138.27,105.93,0.0,0.0,0.0,0.0,0.0,0.0,0.0,0.0,1031.91,0.0
85,44.77,35.64,70.62,335.06,59.62,230.12,143.33,112.31,0.0,0.0,0.0,0.0,0.0,0.0,0.0,0.0,1031.47,0.0
86,36.96,28.93,55.11,342.98,59.62,239.03,148.5,123.64,0.0,0.0,0.0,0.0,0.0,0.0,0.0,0.0,1034.77,0.0
87,31.13,24.53,44.0,345.62,59.62,247.94,153.56,132.88,0.0,0.0,0.0,0.0,0.0,0.0,0.0,0.0,1039.28,0.0
88,23.32,20.02,36.63,348.26,57.2,253.88,158.73,144.43,0.0,0.0,0.0,0.0,0.0,0.0,0.0,0.0,1042.47,0.0
89,17.49,15.51,31.13,348.26,55.0,262.79,161.26,153.67,0.0,0.0,0.0,0.0,0.0,0.0,0.0,0.0,1045.11,0.0
90,17.49,13.31,29.37,345.62,55.0,265.76,163.79,165.22,0.0,0.0,0.0,0.0,0.0,0.0,0.0,0.0,1055.56,0.0
91,17.49,11.11,27.5,337.7,52.91,271.7,166.32,175.23,0.0,0.0,0.0,0.0,0.0,0.0,0.0,0.0,1059.96,0.0
92,17.49,8.91,25.63,324.61,50.82,277.64,166.32,188.1,0.0,0.0,0.0,0.0,0.0,0.0,0.0,0.0,1059.52,0.0
93,15.51,8.91,23.87,309.1,48.62,280.72,166.32,201.08,0.0,0.0,0.0,0.0,0.0,0.0,0.0,0.0,1054.13,0.0
94,15.51,6.6,23.87,288.42,44.44,286.44,166.32,213.95,3.08,0.0,0.0,0.0,0.0,0.0,0.0,0.0,1045.55,3.08
95,15.51,6.6,22.0,257.84,40.15,286.44,163.79,229.35,3.08,0.0,0.0,0.0,0.0,0.0,0.0,0.0,1021.68,3.08
96,15.51,6.6,22.0,227.37,35.97,292.27,163.79,244.31,3.08,0.0,0.0,0.0,0.0,0.0,0.0,0.0,1007.82,3.08
97,15.51,6.6,20.13,195.91,31.68,295.13,163.79,259.27,3.08,0.0,0.0,0.0,0.0,0.0,0.0,0.0,988.02,3.08
98,15.51,6.6,20.13,164.23,27.5,295.13,161.26,276.76,3.08,0.0,0.0,0.0,0.0,0.0,0.0,0.0,967.12,3.08
99,15.51,6.6,18.26,139.92,25.41,295.13,161.26,293.15,7.7,0.0,0.0,0.0,0.0,0.0,0.0,0.0,955.24,7.7
100,15.51,6.6,18.26,115.72,21.12,295.13,158.73,307.12,18.59,0.0,0.0,0.0,0.0,0.0,0.0,0.0,938.19,18.59
101,13.64,6.6,16.5,93.5,21.12,292.27,158.73,320.98,51.04,4.07,0.0,0.0,0.0,0.0,0.0,0.0,923.34,55.11
102,13.64,6.6,16.5,71.5,23.21,283.58,158.73,329.34,308.66,22.77,18.15,0.0,0.0,0.0,0.0,0.0,903.1,349.58
103,13.64,6.6,16.5,51.92,23.21,271.7,153.56,334.84,367.18,43.45,49.39,4.4,0.0,0.0,0.0,0.0,871.97,464.42
104,13.64,6.6,14.63,39.6,25.41,253.88,143.33,334.84,367.18,69.74,84.04,0.0,0.0,0.0,0.0,0.0,831.93,520.96
105,13.64,6.6,12.76,32.12,27.5,218.13,125.51,326.59,332.86,88.66,104.94,0.0,0.0,0.0,0.0,0.0,762.85,526.46
106,11.66,6.6,12.76,29.7,29.59,166.76,101.2,312.62,313.06,102.85,116.93,0.0,0.0,0.0,0.0,0.0,670.89,532.84
107,11.66,6.6,12.76,27.17,29.59,117.15,78.76,282.04,313.06,132.77,147.18,17.6,0.0,0.0,0.0,0.0,565.73,610.61
108,9.68,6.6,11.0,22.22,25.41,81.07,65.34,211.42,317.46,171.82,186.56,44.0,4.73,0.0,0.0,0.0,432.74,724.57
109,7.7,4.4,11.0,14.85,21.12,53.24,56.65,128.26,328.46,203.28,226.27,64.68,24.09,12.76,20.9,0.0,297.22,880.44
110,7.7,4.4,9.13,7.37,16.94,38.72,47.19,88.99,335.06,217.58,244.2,71.94,33.77,25.52,43.89,0.0,220.44,971.96
111,3.85,0.0,7.26,4.95,12.65,24.2,37.73,67.76,346.5,229.02,259.05,84.04,41.03,34.65,56.54,4.51,158.4,1055.34
112,0.0,0.0,5.5,0.0,8.47,14.52,26.4,43.01,348.81,237.49,265.1,88.88,45.87,40.04,64.9,9.02,97.9,1100.11
113,0.0,0.0,5.5,0.0,6.27,7.26,16.94,18.92,351.12,240.35,265.1,93.72,50.71,45.54,71.17,9.02,54.89,1126.73
114,0.0,0.0,3.63,0.0,4.18,4.84,9.35,8.58,348.81,240.35,265.1,96.14,53.13,51.04,75.35,11.22,30.58,1141.14
115,0.0,0.0,3.63,0.0,0.0,0.0,7.48,6.82,346.5,237.49,262.13,96.14,55.55,51.04,77.44,11.22,17.93,1137.51
116,0.0,0.0,3.63,0.0,0.0,0.0,5.61,5.06,344.19,234.63,256.08,93.72,57.97,52.8,81.62,13.53,14.3,1134.54
117,0.0,0.0,5.5,0.0,0.0,0.0,3.74,3.41,337.26,229.02,250.14,93.72,60.39,52.8,83.71,13.53,12.65,1120.57
118,0.0,0.0,5.5,0.0,0.0,0.0,3.74,0.0,326.26,217.58,241.12,93.72,62.81,54.67,87.89,15.73,9.24,1099.78
119,0.0,0.0,3.63,0.0,0.0,0.0,0.0,0.0,310.86,209.0,232.21,93.72,65.34,56.54,89.98,18.04,3.63,1075.69
120,0.0,0.0,5.5,0.0,0.0,0.0,0.0,0.0,295.46,197.56,220.11,96.14,70.18,58.74,94.16,18.04,5.5,1050.39
121,0.0,0.0,5.5,0.0,0.0,0.0,0.0,0.0,277.86,188.98,207.9,98.56,72.71,63.36,98.34,20.35,5.5,1028.06
122,0.0,0.0,3.63,0.0,0.0,0.0,0.0,0.0,259.82,177.54,192.72,100.98,75.13,65.67,102.52,20.35,3.63,994.73
123,0.0,0.0,5.5,0.0,0.0,0.0,0.0,0.0,241.89,163.46,180.51,103.4,77.55,70.29,108.79,20.35,5.5,966.24
124,0.0,0.0,5.5,0.0,0.0,0.0,0.0,0.0,225.94,153.23,168.3,105.82,80.08,74.91,113.08,22.55,5.5,943.91
125,0.0,0.0,5.5,0.0,0.0,0.0,0.0,0.0,211.97,145.64,159.28,108.24,82.5,77.11,119.35,24.86,5.5,928.95
126,0.0,0.0,3.63,0.0,0.0,0.0,0.0,0.0,198.0,135.41,150.15,108.24,84.92,81.73,123.53,24.86,3.63,906.84
127,0.0,0.0,5.5,0.0,0.0,0.0,0.0,0.0,186.01,127.71,144.1,110.66,87.45,86.35,131.89,27.06,5.5,901.23
128,0.0,0.0,5.5,0.0,0.0,0.0,0.0,0.0,174.02,122.54,138.05,113.08,92.29,90.97,138.16,29.37,5.5,898.48
129,0.0,0.0,5.5,0.0,0.0,0.0,0.0,0.0,164.23,117.48,132.11,118.36,94.82,95.48,146.52,29.37,5.5,898.37
130,0.0,0.0,3.63,0.0,0.0,0.0,0.0,0.0,154.99,110.0,126.06,121.0,97.24,102.41,152.79,31.57,3.63,896.06
131,0.0,0.0,3.63,0.0,0.0,0.0,0.0,0.0,147.62,105.27,122.98,126.28,99.66,107.03,161.15,33.88,3.63,903.87
132,0.0,0.0,3.63,0.0,0.0,0.0,0.0,0.0,138.38,100.54,116.93,128.92,104.61,111.65,169.95,36.08,3.63,907.06
133,0.0,0.0,3.63,0.0,0.0,0.0,0.0,0.0,129.25,95.81,110.99,134.2,107.03,118.58,179.41,38.39,3.63,913.66
134,0.0,0.0,3.63,0.0,0.0,0.0,0.0,0.0,118.14,88.66,101.97,139.48,109.56,123.2,188.87,42.9,3.63,912.78
135,0.0,0.0,3.63,0.0,0.0,0.0,0.0,0.0,107.91,81.62,96.03,144.87,114.51,127.93,198.33,45.21,3.63,916.41
136,0.0,0.0,3.63,0.0,0.0,0.0,0.0,0.0,96.47,74.47,87.01,150.15,119.9,134.86,210.1,49.72,3.63,922.68
137,0.0,0.0,3.63,0.0,0.0,0.0,0.0,0.0,86.68,67.43,78.1,155.43,122.65,139.59,219.56,51.92,3.63,921.36
138,0.0,0.0,3.63,0.0,0.0,0.0,0.0,0.0,73.7,57.97,66.11,160.71,128.04,144.21,228.58,56.54,3.63,915.86
139,0.0,0.0,3.63,0.0,0.0,0.0,0.0,0.0,62.26,49.61,57.2,163.35,133.43,151.14,239.8,58.85,3.63,915.64
140,0.0,0.0,3.63,0.0,0.0,0.0,0.0,0.0,47.96,39.27,46.75,166.1,133.43,155.87,248.71,63.69,3.63,901.78
141,0.0,0.0,3.63,0.0,0.0,0.0,0.0,0.0,38.72,31.02,33.77,168.74,136.18,160.49,259.93,66.0,3.63,894.85
142,0.0,0.0,3.63,0.0,0.0,0.0,0.0,0.0,30.91,24.75,25.96,168.74,136.18,165.11,268.84,68.42,3.63,888.91
143,0.0,0.0,3.63,0.0,0.0,0.0,0.0,0.0,26.29,18.59,18.15,163.35,136.18,167.53,280.06,70.84,3.63,880.99
144,0.0,0.0,3.63,0.0,0.0,0.0,0.0,0.0,23.21,14.41,15.51,158.07,136.18,169.95,286.99,73.15,3.63,877.47
145,0.0,0.0,3.63,0.0,0.0,0.0,0.0,0.0,21.67,12.32,10.34,147.51,130.79,169.95,293.81,75.57,3.63,861.96
146,0.0,0.0,3.63,0.0,0.0,0.0,0.0,0.0,20.13,10.34,10.34,134.2,125.29,169.95,298.43,77.99,3.63,846.67
147,0.0,0.0,3.63,0.0,0.0,0.0,0.0,0.0,20.13,10.34,7.7,115.72,122.65,172.37,302.94,82.72,3.63,834.57
148,0.0,0.0,3.63,0.0,0.0,0.0,0.0,0.0,18.59,10.34,7.7,98.56,117.15,172.37,307.56,89.87,3.63,822.14
149,0.0,0.0,3.63,0.0,0.0,0.0,0.0,0.0,18.59,8.25,5.17,81.62,111.98,174.79,312.18,97.13,3.63,809.71
150,0.0,0.0,3.63,0.0,0.0,0.0,0.0,0.0,18.59,8.25,5.17,64.68,109.56,174.79,316.69,104.28,3.63,802.01
151,0.0,0.0,5.5,0.0,0.0,0.0,0.0,0.0,16.94,8.25,5.17,50.6,104.61,177.21,321.31,111.43,5.5,795.52
152,0.0,0.0,5.5,0.0,0.0,0.0,0.0,0.0,16.94,8.25,5.17,37.4,97.24,174.79,323.62,118.47,5.5,781.88
153,0.0,0.0,5.5,0.0,0.0,0.0,0.0,0.0,16.94,6.16,5.17,26.4,92.29,172.37,323.62,125.62,5.5,768.57
154,5.83,0.0,5.5,0.0,0.0,0.0,0.0,0.0,16.94,6.16,5.17,15.4,82.5,165.11,321.31,130.35,11.33,742.94
155,21.34,0.0,9.13,0.0,0.0,0.0,0.0,0.0,15.4,6.16,0.0,8.8,75.13,155.87,319.0,135.08,30.47,715.44
156,66.88,0.0,18.26,0.0,0.0,0.0,0.0,0.0,15.4,6.16,0.0,0.0,67.76,141.9,312.18,139.81,85.14,683.21
157,308.22,4.4,64.02,0.0,0.0,0.0,0.0,0.0,13.86,6.16,0.0,0.0,60.39,118.58,300.74,144.54,376.64,644.27
158,329.45,13.31,117.81,0.0,0.0,0.0,0.0,0.0,12.32,4.07,0.0,0.0,55.55,100.1,277.86,146.85,460.57,596.75
159,353.32,33.44,163.79,0.0,0.0,0.0,0.0,0.0,12.32,4.07,0.0,0.0,53.13,84.04,246.51,149.27,550.55,549.34
160,337.48,49.06,180.95,0.0,0.0,0.0,0.0,0.0,10.78,4.07,0.0,0.0,50.71,67.98,198.33,146.85,567.49,478.72
161,332.2,67.21,205.7,34.65,4.18,0.0,0.0,0.0,9.24,4.07,0.0,0.0,45.87,52.8,131.89,135.08,643.94,378.95
162,340.12,90.09,244.09,71.5,6.27,9.68,3.74,0.0,7.7,0.0,0.0,0.0,41.03,41.91,85.8,120.89,765.49,297.33
163,350.68,101.53,281.93,95.92,14.74,43.56,22.66,0.0,6.16,0.0,0.0,0.0,36.19,32.78,66.99,101.86,911.02,243.98
164,355.96,110.77,308.99,113.08,21.12,68.42,37.73,0.0,4.62,0.0,0.0,0.0,28.93,23.65,54.34,82.72,1016.07,194.26
165,361.35,118.03,333.63,131.89,25.41,81.07,49.17,3.41,3.08,0.0,0.0,0.0,21.67,14.52,39.71,68.42,1103.96,147.4
166,361.35,122.98,345.29,145.31,27.5,93.83,54.78,6.82,3.08,0.0,0.0,0.0,14.41,9.02,31.35,54.23,1157.86,112.09
167,358.6,125.51,352.33,158.84,27.5,101.42,60.83,10.23,0.0,0.0,0.0,0.0,9.57,7.26,20.9,33.88,1195.26,71.61
168,355.96,125.51,354.64,169.62,29.59,106.48,65.34,13.75,0.0,0.0,0.0,0.0,7.15,3.63,12.54,6.71,1220.89,30.03
169,350.68,125.51,352.33,172.15,31.68,111.65,69.74,18.92,0.0,0.0,0.0,0.0,4.73,0.0,8.36,4.51,1232.66,17.6
170,345.4,122.98,345.29,174.79,31.68,111.65,72.05,22.33,0.0,0.0,0.0,0.0,4.73,0.0,8.36,0.0,1226.17,13.09
171,337.48,120.45,338.25,172.15,33.88,111.65,72.05,24.09,3.08,0.0,0.0,0.0,0.0,0.0,6.27,0.0,1210.0,9.35
172,329.45,115.5,326.15,169.62,33.88,111.65,74.25,24.09,3.08,0.0,0.0,0.0,0.0,0.0,4.18,0.0,1184.59,7.26
173,318.89,110.77,311.41,169.62,33.88,111.65,74.25,25.74,3.08,0.0,0.0,0.0,0.0,0.0,4.18,0.0,1156.21,7.26
174,305.58,108.46,296.67,172.15,35.97,111.65,76.56,27.5,3.08,0.0,0.0,0.0,0.0,0.0,0.0,0.0,1134.54,3.08
175,286.99,101.53,277.09,174.79,35.97,114.4,76.56,29.26,3.08,0.0,0.0,0.0,0.0,0.0,0.0,0.0,1096.59,3.08
176,265.1,97.02,258.17,180.07,35.97,114.4,78.76,30.91,3.08,0.0,0.0,0.0,0.0,0.0,0.0,0.0,1060.4,3.08
177,242.44,90.09,239.36,185.35,38.06,119.9,80.96,36.08,3.08,0.0,0.0,0.0,0.0,0.0,0.0,0.0,1032.24,3.08
178,220.11,85.47,222.86,190.63,40.15,122.65,83.27,39.6,3.08,0.0,0.0,0.0,0.0,0.0,0.0,0.0,1004.74,3.08
179,201.52,78.65,205.7,195.91,40.15,128.15,87.78,44.77,3.08,0.0,0.0,0.0,0.0,0.0,0.0,0.0,982.63,3.08
180,180.18,74.03,188.32,203.72,40.15,133.65,89.98,49.94,3.08,0.0,0.0,0.0,0.0,0.0,0.0,0.0,959.97,3.08
181,159.5,69.52,168.63,211.64,42.35,139.15,94.49,55.11,3.08,0.0,0.0,0.0,0.0,0.0,0.0,0.0,940.39,3.08
182,142.01,62.59,151.69,222.2,44.44,147.51,99.0,63.58,3.08,0.0,0.0,0.0,0.0,0.0,0.0,0.0,933.02,3.08
183,126.94,57.97,134.75,232.43,44.44,155.76,101.2,69.96,3.08,0.0,0.0,0.0,0.0,0.0,0.0,0.0,923.45,3.08
184,110.33,53.46,122.65,242.55,44.44,164.01,105.71,78.43,3.08,0.0,0.0,0.0,0.0,0.0,0.0,0.0,921.58,3.08
185,102.08,49.06,113.08,250.14,46.53,172.59,110.22,84.81,3.08,0.0,0.0,0.0,0.0,0.0,0.0,0.0,928.51,3.08
186,93.72,46.75,104.06,260.37,46.53,181.72,112.75,91.08,3.08,0.0,0.0,0.0,0.0,0.0,0.0,0.0,936.98,3.08
187,83.38,42.35,97.46,267.96,48.62,187.77,117.81,97.46,0.0,0.0,0.0,0.0,0.0,0.0,0.0,0.0,942.81,0.0
188,75.13,40.15,88.55,275.55,50.82,196.9,122.98,103.84,0.0,0.0,0.0,0.0,0.0,0.0,0.0,0.0,953.92,0.0
189,68.86,35.64,81.84,285.89,52.91,202.95,128.04,110.22,0.0,0.0,0.0,0.0,0.0,0.0,0.0,0.0,966.35,0.0
190,58.52,31.13,72.93,293.59,52.91,212.08,133.1,116.71,0.0,0.0,0.0,0.0,0.0,0.0,0.0,0.0,970.97,0.0
191,48.73,26.73,64.02,301.4,52.91,221.21,138.27,125.95,0.0,0.0,0.0,0.0,0.0,0.0,0.0,0.0,979.22,0.0
192,38.94,24.53,55.11,309.1,52.91,230.12,140.8,132.88,0.0,0.0,0.0,0.0,0.0,0.0,0.0,0.0,984.39,0.0
193,31.13,20.02,45.87,316.91,55.0,239.03,145.97,142.12,0.0,0.0,0.0,0.0,0.0,0.0,0.0,0.0,996.05,0.0
194,25.3,15.51,38.5,322.08,55.0,244.97,148.5,151.36,0.0,0.0,0.0,0.0,0.0,0.0,0.0,0.0,1001.22,0.0
195,21.34,13.31,31.13,327.25,55.0,253.88,153.56,158.29,0.0,0.0,0.0,0.0,0.0,0.0,0.0,0.0,1013.76,0.0
196,17.49,11.11,27.5,329.78,52.91,259.82,156.09,170.06,0.0,0.0,0.0,0.0,0.0,0.0,0.0,0.0,1024.76,0.0
197,17.49,8.91,25.63,329.78,52.91,265.76,158.73,180.4,0.0,0.0,0.0,0.0,0.0,0.0,0.0,0.0,1039.61,0.0
198,17.49,8.91,25.63,327.25,50.82,271.7,158.73,190.74,0.0,0.0,0.0,0.0,0.0,0.0,0.0,0.0,1051.27,0.0
199,17.49,6.6,23.87,319.44,50.82,277.64,161.26,201.08,0.0,0.0,0.0,0.0,0.0,0.0,0.0,0.0,1058.2,0.0
200,15.51,6.6,22.0,309.1,46.53,283.58,158.73,213.95,0.0,0.0,0.0,0.0,0.0,0.0,0.0,0.0,1056.0,0.0
201,15.51,6.6,22.0,298.76,44.44,286.44,158.73,224.29,0.0,0.0,0.0,0.0,0.0,0.0,0.0,0.0,1056.77,0.0
202,15.51,6.6,22.0,280.72,40.15,292.27,156.09,234.3,0.0,0.0,0.0,0.0,0.0,0.0,0.0,0.0,1047.64,0.0
203,15.51,6.6,20.13,255.31,35.97,298.1,153.56,246.84,3.08,0.0,0.0,0.0,0.0,0.0,0.0,0.0,1032.02,3.08
204,15.51,6.6,18.26,227.37,33.88,300.96,151.03,259.27,4.62,0.0,0.0,0.0,0.0,0.0,0.0,0.0,1012.88,4.62
205,15.51,6.6,18.26,198.44,29.59,306.79,151.03,271.7,6.16,0.0,0.0,0.0,0.0,0.0,0.0,0.0,997.92,6.16
206,13.64,4.4,18.26,172.15,27.5,309.65,151.03,287.54,9.24,0.0,0.0,0.0,0.0,0.0,0.0,0.0,984.17,9.24
207,13.64,6.6,16.5,145.31,23.21,312.62,148.5,298.76,15.4,0.0,0.0,0.0,0.0,0.0,0.0,0.0,965.14,15.4
208,13.64,6.6,16.5,121.11,21.12,315.48,148.5,309.87,29.37,0.0,0.0,0.0,0.0,0.0,0.0,0.0,952.82,29.37
209,13.64,6.6,16.5,100.87,23.21,312.62,145.97,320.98,78.54,4.07,5.17,0.0,0.0,0.0,0.0,0.0,940.39,87.78
210,13.64,6.6,14.63,81.29,21.12,309.65,143.33,326.59,315.26,28.93,31.13,4.4,0.0,0.0,0.0,0.0,916.85,379.72
211,13.64,6.6,14.63,64.24,23.21,300.96,138.27,329.34,351.12,47.52,60.17,0.0,0.0,0.0,0.0,0.0,890.89,458.81
212,13.64,6.6,12.76,46.97,25.41,289.41,128.04,326.59,355.74,72.16,89.98,0.0,0.0,0.0,0.0,0.0,849.42,517.88
213,13.64,6.6,12.76,39.6,25.41,265.76,112.75,318.23,317.46,88.66,107.91,0.0,0.0,0.0,0.0,0.0,794.75,514.03
214,13.64,6.6,11.0,34.65,27.5,221.21,96.69,301.51,288.86,107.58,122.98,4.4,0.0,0.0,0.0,0.0,712.8,523.82
215,11.66,6.6,11.0,34.65,25.41,158.51,80.96,274.23,291.06,145.64,156.2,37.4,7.15,0.0,0.0,0.0,603.02,637.45
216,9.68,4.4,11.0,29.7,25.41,103.95,65.34,224.29,299.86,188.98,198.77,59.84,28.93,7.26,31.35,0.0,473.77,814.99
217,7.7,4.4,9.13,22.22,21.12,68.42,58.63,144.43,304.26,203.28,217.03,67.1,36.19,18.15,48.07,0.0,336.05,894.08
218,7.7,4.4,9.13,14.85,19.03,45.98,51.04,97.46,308.66,214.72,232.21,76.78,43.45,30.91,60.72,0.0,249.59,967.45
219,5.83,0.0,5.5,7.37,12.65,31.46,41.58,74.14,315.26,223.3,244.2,81.62,48.29,38.28,66.99,6.71,178.53,1024.65
220,0.0,0.0,5.5,0.0,10.56,19.36,30.25,55.11,317.46,229.02,247.17,86.46,50.71,45.54,73.26,11.22,120.78,1060.84
221,0.0,0.0,3.63,0.0,6.27,12.1,22.66,34.43,317.46,229.02,250.14,91.3,53.13,51.04,77.44,13.53,79.09,1083.06
222,0.0,0.0,3.63,0.0,4.18,7.26,13.2,15.4,315.26,229.02,250.14,91.3,55.55,56.54,83.71,15.73,43.67,1097.25
223,0.0,0.0,0.0,0.0,0.0,0.0,7.48,6.82,313.06,223.3,247.17,93.72,60.39,58.74,87.89,18.04,14.3,1102.31
224,0.0,0.0,3.63,0.0,0.0,0.0,5.61,6.82,308.66,220.55,244.2,93.72,62.81,61.05,92.07,20.35,16.06,1103.41
225,0.0,0.0,3.63,0.0,0.0,0.0,3.74,5.06,302.06,214.72,238.15,93.72,65.34,63.36,96.25,20.35,12.43,1093.95
226,0.0,0.0,3.63,0.0,0.0,0.0,0.0,3.41,288.86,206.14,229.24,93.72,67.76,65.67,100.43,22.55,7.04,1074.37
227,0.0,0.0,3.63,0.0,0.0,0.0,0.0,0.0,275.77,200.42,220.11,96.14,72.71,70.29,106.7,22.55,3.63,1064.69
228,0.0,0.0,0.0,0.0,0.0,0.0,0.0,0.0,261.8,188.98,210.98,98.56,77.55,74.91,113.08,22.55,0.0,1048.41
229,0.0,0.0,0.0,0.0,0.0,0.0,0.0,0.0,249.92,180.4,201.85,100.98,80.08,77.11,121.44,24.86,0.0,1036.64
230,0.0,0.0,0.0,0.0,0.0,0.0,0.0,0.0,233.86,168.96,189.64,103.4,82.5,81.73,127.71,27.06,0.0,1014.86
231,0.0,0.0,0.0,0.0,0.0,0.0,0.0,0.0,217.91,158.4,177.43,105.82,87.45,84.04,133.98,27.06,0.0,992.09
232,0.0,0.0,0.0,0.0,0.0,0.0,0.0,0.0,205.92,148.17,168.3,105.82,89.87,86.35,142.34,29.37,0.0,976.14
233,0.0,0.0,3.63,0.0,0.0,0.0,0.0,0.0,193.93,140.47,162.25,105.82,92.29,88.66,148.61,29.37,3.63,961.4
234,0.0,0.0,3.63,0.0,0.0,0.0,0.0,0.0,184.03,132.77,156.2,105.82,94.82,90.97,154.88,31.57,3.63,951.06
235,0.0,0.0,0.0,0.0,0.0,0.0,0.0,0.0,174.02,125.18,147.18,105.82,97.24,93.28,161.15,33.88,0.0,937.75
236,0.0,0.0,0.0,0.0,0.0,0.0,0.0,0.0,164.23,117.48,141.13,105.82,99.66,95.48,167.64,33.88,0.0,925.32
237,0.0,0.0,0.0,0.0,0.0,0.0,0.0,0.0,156.86,112.42,135.08,108.24,102.19,97.79,174.68,36.08,0.0,923.34
238,0.0,0.0,0.0,0.0,0.0,0.0,0.0,0.0,147.62,105.27,129.03,108.24,107.03,100.1,181.83,36.08,0.0,915.2
239,0.0,0.0,3.63,0.0,0.0,0.0,0.0,0.0,140.25,100.54,122.98,110.66,109.56,102.41,188.87,38.39,3.63,913.66
240,0.0,0.0,0.0,0.0,0.0,0.0,0.0,0.0,131.01,95.81,116.93,113.08,111.98,107.03,198.33,40.7,0.0,914.87
241,0.0,0.0,0.0,0.0,0.0,0.0,0.0,0.0,123.64,91.08,110.99,113.08,117.15,109.34,205.37,42.9,0.0,913.55
242,0.0,0.0,0.0,0.0,0.0,0.0,0.0,0.0,114.51,86.35,104.94,118.36,122.65,111.65,214.83,45.21,0.0,918.5
243,0.0,0.0,3.63,0.0,0.0,0.0,0.0,0.0,104.72,79.2,96.03,121.0,125.29,116.27,221.98,47.41,3.63,911.9
244,0.0,0.0,3.63,0.0,0.0,0.0,0.0,0.0,93.28,72.16,87.01,123.64,128.04,120.89,230.89,49.72,3.63,905.63
245,0.0,0.0,0.0,0.0,0.0,0.0,0.0,0.0,81.84,62.7,75.02,126.28,130.79,125.62,239.8,51.92,0.0,893.97
246,0.0,0.0,0.0,0.0,0.0,0.0,0.0,0.0,70.4,53.79,63.14,128.92,133.43,127.93,248.71,54.23,0.0,880.55
247,0.0,0.0,3.63,0.0,0.0,0.0,0.0,0.0,55.77,45.54,51.92,128.92,136.18,132.55,257.73,54.23,3.63,862.84
248,0.0,0.0,3.63,0.0,0.0,0.0,0.0,0.0,43.34,35.09,41.58,128.92,138.93,134.86,266.64,56.54,3.63,845.9
249,0.0,0.0,3.63,0.0,0.0,0.0,0.0,0.0,33.99,26.84,31.13,128.92,138.93,139.59,275.55,58.85,3.63,833.8
250,0.0,0.0,3.63,0.0,0.0,0.0,0.0,0.0,27.83,20.68,23.32,126.28,141.57,141.9,282.37,58.85,3.63,822.8
251,0.0,0.0,3.63,0.0,0.0,0.0,0.0,0.0,23.21,16.5,18.15,123.64,141.57,144.21,291.5,61.27,3.63,820.05
252,0.0,0.0,3.63,0.0,0.0,0.0,0.0,0.0,21.67,12.32,12.98,118.36,138.93,146.52,300.74,63.69,3.63,815.21
253,0.0,0.0,0.0,0.0,0.0,0.0,0.0,0.0,20.13,10.34,10.34,113.08,136.18,148.83,307.56,66.0,0.0,812.46
254,0.0,0.0,3.63,0.0,0.0,0.0,0.0,0.0,20.13,10.34,7.7,100.98,130.79,148.83,314.38,68.42,3.63,801.57
255,0.0,0.0,0.0,0.0,0.0,0.0,0.0,0.0,18.59,10.34,7.7,86.46,128.04,148.83,321.31,73.15,0.0,794.42
256,0.0,0.0,3.63,0.0,0.0,0.0,0.0,0.0,18.59,8.25,5.17,71.94,122.65,148.83,328.13,77.99,3.63,781.55
257,0.0,0.0,3.63,0.0,0.0,0.0,0.0,0.0,16.94,8.25,5.17,57.42,119.9,148.83,335.06,85.14,3.63,776.71
258,0.0,0.0,3.63,0.0,0.0,0.0,0.0,0.0,16.94,8.25,5.17,44.0,114.51,148.83,342.21,92.29,3.63,772.2
259,0.0,0.0,3.63,0.0,0.0,0.0,0.0,0.0,16.94,8.25,5.17,33.0,109.56,148.83,347.05,99.44,3.63,768.24
260,0.0,0.0,3.63,0.0,0.0,0.0,0.0,0.0,16.94,8.25,5.17,22.0,102.19,144.21,351.78,104.28,3.63,754.82
261,3.85,0.0,5.5,0.0,0.0,0.0,0.0,0.0,15.4,6.16,0.0,13.2,94.82,134.86,354.2,109.01,9.35,727.65
262,19.47,0.0,7.26,0.0,0.0,0.0,0.0,0.0,15.4,6.16,0.0,4.4,84.92,123.2,354.2,111.43,26.73,699.71
263,60.61,0.0,18.26,0.0,0.0,0.0,0.0,0.0,15.4,6.16,0.0,0.0,77.55,102.41,351.78,113.85,78.87,667.15
264,342.76,0.0,77.33,0.0,0.0,0.0,0.0,0.0,13.86,6.16,0.0,0.0,67.76,81.73,349.36,116.16,420.09,635.03
265,382.47,13.31,139.59,0.0,0.0,0.0,0.0,0.0,12.32,6.16,0.0,0.0,62.81,67.98,335.06,116.16,535.37,600.49
266,407.0,33.44,183.37,0.0,0.0,0.0,0.0,0.0,12.32,4.07,0.0,0.0,57.97,54.67,309.87,116.16,623.81,555.06
267,371.91,46.75,198.22,0.0,0.0,0.0,0.0,0.0,10.78,4.07,0.0,0.0,55.55,47.41,262.13,111.43,616.88,491.37
268,363.99,74.03,225.17,19.8,0.0,0.0,0.0,0.0,9.24,0.0,0.0,0.0,50.71,41.91,181.83,99.44,682.99,383.13
269,379.83,113.08,277.09,59.4,4.18,0.0,0.0,0.0,7.7,0.0,0.0,0.0,45.87,36.41,108.79,87.56,833.58,286.33
270,377.19,135.41,316.36,98.34,8.47,21.78,3.74,0.0,6.16,0.0,0.0,0.0,41.03,30.91,73.26,70.84,961.29,222.2
271,379.83,145.42,347.6,121.11,16.94,50.82,20.79,0.0,4.62,0.0,0.0,0.0,31.35,21.78,56.54,61.27,1082.51,175.56
272,377.19,152.79,366.3,139.92,21.12,68.42,33.99,0.0,3.08,0.0,0.0,0.0,24.09,14.52,41.8,51.92,1159.73,135.41
273,374.55,157.85,373.34,158.84,25.41,81.07,43.45,0.0,0.0,0.0,0.0,0.0,16.83,9.02,33.44,42.9,1214.51,102.19
274,369.27,160.27,375.65,169.62,27.5,91.3,49.17,5.06,0.0,0.0,0.0,0.0,11.99,7.26,22.99,24.86,1247.84,67.1
275,363.99,160.27,375.65,180.07,29.59,98.89,51.04,6.82,0.0,0.0,0.0,0.0,9.57,3.63,14.63,0.0,1266.32,27.83
276,358.6,157.85,371.03,185.35,29.59,101.42,54.78,6.82,0.0,0.0,0.0,0.0,9.57,3.63,12.54,0.0,1265.44,25.74
277,350.68,155.32,363.99,187.99,29.59,103.95,54.78,8.58,0.0,0.0,0.0,0.0,7.15,0.0,10.45,0.0,1254.88,17.6
278,340.12,152.79,352.33,190.63,31.68,103.95,56.65,10.23,0.0,0.0,0.0,0.0,7.15,0.0,8.36,0.0,1238.38,15.51
279,324.17,147.84,338.25,195.91,31.68,109.01,56.65,10.23,0.0,0.0,0.0,0.0,7.15,0.0,8.36,0.0,1213.74,15.51
280,308.22,145.42,321.31,203.72,31.68,111.65,56.65,10.23,3.08,0.0,0.0,0.0,4.73,0.0,6.27,0.0,1188.88,14.08
281,292.27,140.36,301.62,209.0,31.68,114.4,58.63,11.99,0.0,0.0,0.0,0.0,4.73,0.0,6.27,0.0,1159.95,11.0
282,270.71,135.41,281.93,216.92,31.68,117.15,58.63,13.75,3.08,0.0,0.0,0.0,4.73,0.0,6.27,0.0,1126.18,14.08
283,248.05,130.46,262.9,222.2,33.88,122.65,60.83,13.75,0.0,0.0,0.0,0.0,4.73,0.0,4.18,0.0,1094.72,8.91
284,228.25,122.98,241.67,229.9,33.88,125.4,60.83,13.75,0.0,0.0,0.0,0.0,4.73,0.0,4.18,0.0,1056.66,8.91
285,206.8,115.5,222.86,234.96,33.88,128.15,63.03,15.4,0.0,0.0,0.0,0.0,4.73,0.0,4.18,0.0,1020.58,8.91
286,188.21,110.77,205.7,240.02,33.88,133.65,63.03,17.16,0.0,0.0,0.0,0.0,4.73,0.0,0.0,0.0,992.42,4.73
287,169.62,101.53,185.9,247.61,33.88,136.4,65.34,18.92,0.0,0.0,0.0,0.0,4.73,0.0,0.0,0.0,959.2,4.73
288,152.02,97.02,168.63,255.31,35.97,142.01,67.54,20.57,0.0,0.0,0.0,0.0,0.0,0.0,0.0,0.0,939.07,0.0
289,136.95,90.09,154.11,260.37,35.97,144.76,69.74,24.09,0.0,0.0,0.0,0.0,0.0,0.0,0.0,0.0,916.08,0.0
290,121.99,85.47,139.59,267.96,35.97,153.01,74.25,27.5,0.0,0.0,0.0,0.0,0.0,0.0,0.0,0.0,905.74,0.0
291,110.33,80.96,129.91,275.55,38.06,158.51,76.56,32.67,0.0,0.0,0.0,0.0,0.0,0.0,0.0,0.0,902.55,0.0
292,102.08,74.03,120.23,285.89,38.06,164.01,80.96,37.84,0.0,0.0,0.0,0.0,0.0,0.0,0.0,0.0,903.1,0.0
293,93.72,69.52,110.77,293.59,40.15,172.59,83.27,43.01,0.0,0.0,0.0,0.0,0.0,0.0,0.0,0.0,906.62,0.0
294,83.38,64.9,101.86,301.4,42.35,178.64,87.78,48.18,0.0,0.0,0.0,0.0,0.0,0.0,0.0,0.0,908.49,0.0
295,75.13,60.28,92.95,311.74,42.35,190.85,92.18,55.11,0.0,0.0,0.0,0.0,0.0,0.0,0.0,0.0,920.59,0.0
296,64.79,53.46,84.04,322.08,44.44,199.87,96.69,61.38,0.0,0.0,0.0,0.0,0.0,0.0,0.0,0.0,926.75,0.0
297,56.54,49.06,75.13,332.42,44.44,209.0,101.2,69.96,0.0,0.0,0.0,0.0,0.0,0.0,0.0,0.0,937.75,0.0
298,48.73,40.15,64.02,340.34,46.53,224.18,105.71,78.43,0.0,0.0,0.0,0.0,0.0,0.0,0.0,0.0,948.09,0.0
299,40.92,35.64,53.24,351.01,46.53,233.09,112.75,86.9,0.0,0.0,0.0,0.0,4.73,0.0,0.0,0.0,960.08,4.73
300,35.09,31.13,45.87,358.93,46.53,244.97,115.28,95.37,0.0,0.0,0.0,0.0,0.0,0.0,0.0,0.0,973.17,0.0
301,29.15,26.73,38.5,369.6,48.62,253.88,120.34,103.84,0.0,0.0,0.0,0.0,0.0,0.0,0.0,0.0,990.66,0.0
302,21.34,20.02,31.13,374.88,48.62,262.79,125.51,112.31,0.0,0.0,0.0,0.0,0.0,0.0,0.0,0.0,996.6,0.0
303,15.51,15.51,27.5,382.91,48.62,271.7,128.04,121.33,0.0,0.0,0.0,0.0,0.0,0.0,0.0,0.0,1011.12,0.0
304,15.51,13.31,25.63,385.55,46.53,280.72,130.57,130.57,0.0,0.0,0.0,0.0,0.0,0.0,0.0,0.0,1028.39,0.0
305,15.51,11.11,23.87,385.55,46.53,289.41,130.57,137.5,0.0,0.0,0.0,0.0,0.0,0.0,0.0,0.0,1040.05,0.0
306,15.51,11.11,22.0,382.91,44.44,298.1,130.57,146.74,0.0,0.0,0.0,0.0,0.0,0.0,0.0,0.0,1051.38,0.0
307,15.51,8.91,22.0,377.63,42.35,303.93,128.04,155.98,0.0,0.0,0.0,0.0,0.0,0.0,0.0,0.0,1054.35,0.0
308,15.51,8.91,20.13,364.32,38.06,309.65,125.51,165.22,0.0,0.0,0.0,0.0,0.0,0.0,0.0,0.0,1047.31,0.0
309,15.51,8.91,20.13,348.26,35.97,318.45,122.98,175.23,0.0,0.0,0.0,0.0,0.0,0.0,0.0,0.0,1045.44,0.0
310,15.51,8.91,18.26,327.25,31.68,324.17,120.34,188.1,3.08,0.0,0.0,0.0,0.0,0.0,0.0,0.0,1034.22,3.08
311,13.64,8.91,18.26,301.4,29.59,330.0,115.28,201.08,4.62,0.0,0.0,0.0,0.0,0.0,0.0,0.0,1018.16,4.62
312,13.64,8.91,18.26,273.02,25.41,332.97,112.75,216.59,6.16,0.0,0.0,0.0,0.0,0.0,0.0,0.0,1001.55,6.16
313,13.64,8.91,16.5,242.55,23.21,339.35,110.22,231.88,9.24,0.0,0.0,0.0,0.0,0.0,0.0,0.0,986.26,9.24
314,13.64,8.91,16.5,211.64,19.03,345.84,107.91,246.84,13.86,0.0,0.0,0.0,0.0,0.0,0.0,0.0,970.31,13.86
315,13.64,8.91,14.63,182.71,19.03,345.84,103.4,261.8,26.29,0.0,0.0,0.0,0.0,0.0,0.0,0.0,949.96,26.29
316,13.64,8.91,14.63,153.45,16.94,345.84,101.2,276.76,57.31,4.07,0.0,0.0,0.0,0.0,0.0,0.0,931.37,61.38
317,13.64,8.91,14.63,126.5,16.94,342.65,94.49,284.79,267.85,31.02,25.96,4.4,0.0,0.0,0.0,0.0,902.55,329.23
318,13.64,8.91,12.76,98.34,19.03,330.0,89.98,293.15,335.06,55.88,60.17,0.0,0.0,0.0,0.0,0.0,865.81,451.11
319,13.64,8.91,12.76,71.5,19.03,309.65,83.27,293.15,341.88,83.93,96.03,0.0,0.0,0.0,0.0,0.0,811.91,521.84
320,13.64,8.91,11.0,54.45,21.12,277.64,76.56,284.79,321.86,110.0,120.01,8.8,0.0,0.0,0.0,0.0,748.11,560.67
321,11.66,8.91,11.0,46.97,23.21,215.05,69.74,266.75,297.66,140.47,141.13,39.6,7.15,0.0,0.0,0.0,653.29,626.01
322,11.66,8.91,9.13,42.02,23.21,136.4,63.03,231.88,299.86,177.54,171.38,64.68,24.09,12.76,18.81,0.0,526.24,769.12
323,9.68,6.6,9.13,34.65,21.12,91.3,56.65,162.91,306.46,194.7,195.8,74.36,31.35,27.28,41.8,0.0,392.04,871.75
324,7.7,6.6,9.13,24.75,16.94,58.3,51.04,103.84,306.46,209.0,207.9,86.46,38.61,40.04,58.63,6.71,278.3,953.81
325,5.83,4.4,7.26,14.85,14.74,38.72,39.71,74.14,317.46,220.55,223.19,91.3,45.87,49.17,69.08,11.22,199.65,1027.84
326,0.0,0.0,5.5,7.37,8.47,24.2,28.27,53.35,326.26,226.16,235.18,93.72,48.29,54.67,73.26,15.73,127.16,1073.27
327,0.0,0.0,3.63,7.37,4.18,14.52,16.94,32.67,330.66,226.16,235.18,96.14,50.71,61.05,79.53,18.04,79.31,1097.47
328,0.0,0.0,3.63,4.95,0.0,7.26,7.48,11.99,332.86,226.16,235.18,96.14,53.13,63.36,83.71,20.35,35.31,1110.89
329,0.0,0.0,3.63,4.95,0.0,0.0,0.0,5.06,328.46,223.3,235.18,96.14,55.55,67.98,87.89,20.35,13.64,1114.85
330,0.0,0.0,0.0,0.0,0.0,0.0,0.0,3.41,321.86,214.72,232.21,96.14,60.39,70.29,94.16,24.86,3.41,1114.63
331,0.0,0.0,3.63,0.0,0.0,0.0,0.0,0.0,313.06,209.0,226.27,98.56,62.81,72.6,100.43,24.86,3.63,1107.59
332,0.0,0.0,3.63,0.0,0.0,0.0,0.0,0.0,302.06,203.28,220.11,98.56,65.34,74.91,104.61,27.06,3.63,1095.93
333,0.0,0.0,3.63,0.0,0.0,0.0,0.0,0.0,288.86,194.7,210.98,100.98,67.76,79.42,110.99,29.37,3.63,1083.06
334,0.0,0.0,0.0,0.0,0.0,0.0,0.0,0.0,271.81,186.12,198.77,105.82,70.18,81.73,115.17,29.37,0.0,1058.97
335,0.0,0.0,0.0,0.0,0.0,0.0,0.0,0.0,257.84,177.54,186.56,108.24,75.13,84.04,119.35,31.57,0.0,1040.27
336,0.0,0.0,3.63,0.0,0.0,0.0,0.0,0.0,241.89,166.1,174.46,110.66,77.55,86.35,123.53,31.57,3.63,1012.11
337,0.0,0.0,0.0,0.0,0.0,0.0,0.0,0.0,223.96,155.87,162.25,113.08,80.08,90.97,129.8,33.88,0.0,989.89
338,0.0,0.0,3.63,0.0,0.0,0.0,0.0,0.0,207.9,145.64,150.15,113.08,82.5,93.28,133.98,33.88,3.63,960.41
339,0.0,0.0,0.0,0.0,0.0,0.0,0.0,0.0,193.93,132.77,144.1,113.08,84.92,93.28,140.25,36.08,0.0,938.41
340,0.0,0.0,0.0,0.0,0.0,0.0,0.0,0.0,182.05,125.18,135.08,115.72,87.45,95.48,146.52,38.39,0.0,925.87
341,0.0,0.0,0.0,0.0,0.0,0.0,0.0,0.0,168.08,117.48,129.03,115.72,89.87,97.79,152.79,38.39,0.0,909.15
342,0.0,0.0,0.0,0.0,0.0,0.0,0.0,0.0,154.99,107.58,120.01,118.36,94.82,102.41,159.06,40.7,0.0,897.93
343,0.0,0.0,0.0,0.0,0.0,0.0,0.0,0.0,142.12,100.54,110.99,121.0,97.24,107.03,165.33,45.21,0.0,889.46
344,0.0,0.0,0.0,0.0,0.0,0.0,0.0,0.0,129.25,91.08,101.97,123.64,99.66,109.34,172.37,47.41,0.0,874.72
345,0.0,0.0,0.0,0.0,0.0,0.0,0.0,0.0,118.14,86.35,92.95,126.28,102.19,113.96,181.83,49.72,0.0,871.42
346,0.0,0.0,0.0,0.0,0.0,0.0,0.0,0.0,107.91,76.89,87.01,131.56,107.03,118.58,188.87,51.92,0.0,869.77
347,0.0,0.0,0.0,0.0,0.0,0.0,0.0,0.0,98.12,72.16,78.1,134.2,109.56,123.2,198.33,54.23,0.0,867.9
348,0.0,0.0,0.0,0.0,0.0,0.0,0.0,0.0,88.33,65.01,72.05,139.48,114.51,127.93,207.79,58.85,0.0,873.95
349,0.0,0.0,0.0,0.0,0.0,0.0,0.0,0.0,78.54,57.97,63.14,142.23,117.15,132.55,214.83,61.27,0.0,867.68
350,0.0,0.0,0.0,0.0,0.0,0.0,0.0,0.0,67.1,49.61,54.56,144.87,122.65,137.17,224.18,63.69,0.0,863.83
351,0.0,0.0,0.0,0.0,0.0,0.0,0.0,0.0,55.77,43.45,46.75,144.87,125.29,139.59,233.09,68.42,0.0,857.23
352,0.0,0.0,0.0,0.0,0.0,0.0,0.0,0.0,43.34,35.09,36.3,147.51,128.04,144.21,242.0,70.84,0.0,847.33
353,0.0,0.0,0.0,0.0,0.0,0.0,0.0,0.0,35.53,26.84,28.49,150.15,128.04,148.83,248.71,70.84,0.0,837.43
354,0.0,0.0,0.0,0.0,0.0,0.0,0.0,0.0,27.83,20.68,20.79,147.51,130.79,153.56,257.73,73.15,0.0,832.04
355,0.0,0.0,0.0,0.0,0.0,0.0,0.0,0.0,24.75,16.5,18.15,144.87,130.79,155.87,266.64,75.57,0.0,833.14
356,0.0,0.0,3.63,0.0,0.0,0.0,0.0,0.0,23.21,14.41,12.98,142.23,130.79,158.18,271.15,75.57,3.63,828.52
357,0.0,0.0,3.63,0.0,0.0,0.0,0.0,0.0,20.13,12.32,10.34,136.84,128.04,160.49,280.06,77.99,3.63,826.21
358,0.0,0.0,3.63,0.0,0.0,0.0,0.0,0.0,20.13,10.34,10.34,126.28,125.29,160.49,286.99,80.41,3.63,820.27
359,0.0,0.0,3.63,0.0,0.0,0.0,0.0,0.0,18.59,8.25,7.7,113.08,122.65,160.49,293.81,80.41,3.63,804.98
360,0.0,0.0,3.63,0.0,0.0,0.0,0.0,0.0,18.59,8.25,7.7,98.56,119.9,160.49,300.74,85.14,3.63,799.37
361,0.0,0.0,3.63,0.0,0.0,0.0,0.0,0.0,18.59,8.25,5.17,84.04,114.51,162.8,307.56,89.87,3.63,790.79
362,0.0,0.0,3.63,0.0,0.0,0.0,0.0,0.0,18.59,8.25,5.17,69.52,111.98,165.11,314.38,97.13,3.63,790.13
363,0.0,0.0,3.63,0.0,0.0,0.0,0.0,0.0,16.94,8.25,5.17,55.11,109.56,165.11,319.0,104.28,3.63,783.42
364,3.85,0.0,3.63,0.0,0.0,0.0,0.0,0.0,16.94,6.16,5.17,41.8,104.61,167.53,325.82,111.43,7.48,779.46
365,5.83,0.0,3.63,0.0,0.0,0.0,0.0,0.0,16.94,6.16,5.17,30.8,99.66,165.11,328.13,118.47,9.46,770.44
366,13.64,0.0,5.5,0.0,0.0,0.0,0.0,0.0,15.4,6.16,5.17,22.0,94.82,162.8,330.44,125.62,19.14,762.41
367,29.15,0.0,11.0,0.0,0.0,0.0,0.0,0.0,15.4,6.16,0.0,13.2,87.45,155.87,330.44,130.35,40.15,738.87
368,126.94,0.0,31.13,0.0,0.0,0.0,0.0,0.0,15.4,6.16,0.0,6.6,77.55,141.9,328.13,135.08,158.07,710.82
369,267.85,0.0,90.75,0.0,0.0,0.0,0.0,0.0,13.86,4.07,5.17,0.0,72.71,125.62,323.62,139.81,358.6,684.86
370,305.58,17.82,137.17,0.0,0.0,0.0,0.0,0.0,13.86,4.07,0.0,0.0,62.81,102.41,312.18,142.12,460.57,637.45
371,318.89,31.13,171.05,0.0,0.0,0.0,0.0,0.0,12.32,4.07,0.0,0.0,57.97,86.35,286.99,142.12,521.07,589.82
372,300.3,46.75,190.85,4.95,0.0,0.0,0.0,0.0,10.78,0.0,0.0,0.0,55.55,70.29,248.71,144.54,542.85,529.87
373,308.22,74.03,232.32,46.97,4.18,0.0,0.0,0.0,9.24,0.0,0.0,0.0,53.13,56.54,184.14,137.39,665.72,440.44
374,324.17,94.71,284.46,71.5,16.94,26.62,24.53,0.0,7.7,0.0,0.0,0.0,45.87,47.41,113.08,123.2,842.93,337.26
375,318.89,101.53,306.57,88.66,23.21,53.24,43.45,0.0,6.16,0.0,0.0,0.0,41.03,38.28,75.35,104.28,935.55,265.1
376,324.17,113.08,335.94,105.71,27.5,73.48,56.65,3.41,6.16,0.0,0.0,0.0,36.19,29.15,62.81,85.14,1039.94,219.45
377,324.17,118.03,352.33,123.75,29.59,88.77,65.34,8.58,3.08,0.0,0.0,0.0,26.51,18.15,45.98,68.42,1110.56,162.14
378,324.17,122.98,361.68,137.28,29.59,101.42,74.25,15.4,0.0,0.0,0.0,0.0,16.83,12.76,35.53,58.85,1166.77,123.97
379,321.53,125.51,366.3,150.7,31.68,109.01,76.56,27.5,0.0,0.0,0.0,0.0,11.99,9.02,25.08,45.21,1208.79,91.3
380,318.89,127.93,366.3,158.84,35.97,114.4,80.96,36.08,0.0,0.0,0.0,0.0,7.15,5.39,16.72,15.73,1239.37,44.99
381,316.25,127.93,363.99,161.48,35.97,117.15,83.27,41.25,0.0,0.0,0.0,0.0,4.73,0.0,10.45,4.51,1247.29,19.69
382,310.86,125.51,356.95,166.87,35.97,119.9,85.47,44.77,0.0,0.0,0.0,0.0,4.73,0.0,8.36,4.51,1246.3,17.6
383,300.3,122.98,345.29,172.15,38.06,122.65,85.47,48.18,0.0,0.0,0.0,0.0,4.73,0.0,8.36,0.0,1235.08,13.09
384,289.63,120.45,333.63,174.79,38.06,125.4,87.78,51.59,0.0,0.0,0.0,0.0,0.0,0.0,8.36,0.0,1221.33,8.36
385,276.43,115.5,316.36,180.07,40.15,128.15,89.98,55.11,0.0,0.0,0.0,0.0,4.73,0.0,6.27,0.0,1201.75,11.0
386,256.52,110.77,296.67,185.35,40.15,130.9,89.98,57.2,0.0,0.0,0.0,0.0,0.0,0.0,4.18,0.0,1167.54,4.18
387,239.58,106.15,277.09,190.63,42.35,130.9,92.18,59.29,0.0,0.0,0.0,0.0,0.0,0.0,4.18,0.0,1138.17,4.18
388,220.11,99.22,258.17,193.27,42.35,133.65,92.18,61.38,0.0,0.0,0.0,0.0,0.0,0.0,4.18,0.0,1100.33,4.18
389,201.52,94.71,239.36,198.44,44.44,136.4,94.49,63.58,0.0,0.0,0.0,0.0,0.0,0.0,4.18,0.0,1072.94,4.18
390,182.82,87.78,220.55,201.08,44.44,139.15,96.69,65.67,0.0,0.0,0.0,0.0,0.0,0.0,0.0,0.0,1038.18,0.0
391,164.56,80.96,200.75,206.36,44.44,142.01,99.0,69.96,0.0,0.0,0.0,0.0,0.0,0.0,0.0,0.0,1008.04,0.0
392,147.07,74.03,180.95,211.64,46.53,144.76,101.2,74.14,0.0,0.0,0.0,0.0,0.0,0.0,0.0,0.0,980.32,0.0
393,129.47,69.52,163.79,216.92,46.53,150.26,103.4,78.43,0.0,0.0,0.0,0.0,0.0,0.0,0.0,0.0,958.32,0.0
394,112.42,62.59,144.43,224.84,46.53,155.76,105.71,82.61,0.0,0.0,0.0,0.0,0.0,0.0,0.0,0.0,934.89,0.0
395,99.99,55.77,127.49,229.9,48.62,161.26,110.22,86.9,0.0,0.0,0.0,0.0,0.0,0.0,0.0,0.0,920.15,0.0
396,87.56,51.26,113.08,237.49,48.62,166.76,112.75,93.28,0.0,0.0,0.0,0.0,0.0,0.0,0.0,0.0,910.8,0.0
397,75.13,44.55,101.86,245.08,50.82,172.59,115.28,99.66,0.0,0.0,0.0,0.0,0.0,0.0,0.0,0.0,904.97,0.0
398,66.88,40.15,90.75,252.67,50.82,181.72,120.34,105.93,0.0,0.0,0.0,0.0,0.0,0.0,0.0,0.0,909.26,0.0
399,56.54,33.44,79.53,262.9,52.91,190.85,125.51,112.31,0.0,0.0,0.0,0.0,0.0,0.0,0.0,0.0,913.99,0.0
